,trnL_id,trnl_common_name,scientific_name
0,46996,stinking hellebore,Helleborus foetidus
1,78511,European black currant,Ribes nigrum
2,175228,red currant,Ribes rubrum
3,135518,English gooseberry,Ribes uva-crispa
4,184985,bei dian di mei,Androsace septentrionalis
5,171896,Christmas-rose,Helleborus niger
6,4563,gama grass,Tripsacum dactyloides
7,4558,sorghum,Sorghum bicolor
8,76912,Balsas teosinte,Zea mays
9,15945,Guatemalan teosinte,Zea luxurians
10,4580,perennial teosinte,Zea perennis
11,52818,golden trumpet,Allamanda cathartica
12,283339,wild banksia rose,Rosa banksiae
13,119234,white prairie rose,Rosa foliolosa
14,32246,western wild rose,Rosa woodsii
15,3472,red puccoon,Sanguinaria canadensis
16,145709,Cuban royal palm,Roystonea regia
17,115514,rattan palm,Rhapis excelsa
18,115513,needle palm,Rhapidophyllum hystrix
19,145697,Nibung palm,Oncosperma tigillarium
20,480897,thatch palm,Coccothrinax crinita
21,54447,cabbage palmetto,Sabal palmetto
22,4720,Senegal date palm,Phoenix reclinata
23,77339,reed palm,Chamaedorea seifrizii
24,204141,hoary basil,Ocimum americanum
25,126758,balloon cottonbush,Gomphocarpus physocarpus
26,52837,Mexican love vine,Mandevilla sanderi
27,180757,mortino,Vaccinium floribundum
28,13291,dwarf bunt fungus,Tilletia controversa
29,113210,rocoto,Capsicum pubescens
30,197124,bu za ye,Microcos paniculata
31,83937,trumpet vine,Campsis radicans
32,202634,sacred garlic-pear,Crateva religiosa
33,1358727,Tibetan cherry,Prunus serrula
34,138667,hitoegusa,Monostroma nitidum
35,32245,jetbead,Rhodotypos scandens
36,32237,oso berry,Oemleria cerasiformis
37,32235,Alabama snow-wreath,Neviusia alabamensis
38,120385,Japanese kerria,Kerria japonica
39,223891,yellow-fruit nightshade,Solanum virginianum
40,883761,Indonesian bayleaf,Syzygium polyanthum
41,46945,white sassafras,Sassafras albidum
42,118778,mat'-i-machekha,Tussilago farfara
43,91518,Nepal grass,Microstegium vimineum
44,85437,nagami kumquat,Citrus japonica
45,226677,oilcloth-flower,Anthurium andraeanum
46,28516,purpletop,Verbena bonariensis
47,634377,bastard vervain,Stachytarpheta jamaicensis
48,154766,zhongguo zhong,Saccharum sinense
49,152679,Indian cane,Saccharum barberi
50,50543,snake gourd,Trichosanthes cucumerina
51,3670,smooth loofah,Luffa aegyptiaca
52,119176,xuan fu hua,Pentanema britannicum
53,318068,cocklebur,Xanthium strumarium
54,76434,papyrus,Cyperus papyrus
55,3505,European white birch,Betula pendula
56,321604,han mei,Rubus buergeri
57,200993,wax-dolls,Fumaria officinalis
58,154467,peach palm,Bactris gasipaes
59,78534,fenugreek,Trigonella foenum-graecum
60,231655,Chinese clematis,Clematis orientalis
61,171910,tussock bellflower,Campanula carpatica
62,223870,yomogi,Artemisia princeps
63,109224,tropical kudzu,Neustanthus phaseoloides
64,93745,flame kurrajong,Brachychiton acerifolius
65,278073,lan xue hua,Ceratostigma plumbaginoides
66,555418,kamol,Ferula kirialovii
67,138912,Japanese crab apple,Malus floribunda
68,4052,English ivy,Hedera helix
69,197604,chenilleplant,Acalypha hispida
70,198424,mapleleaf begonia,Begonia dregei
71,41548,flower of the Andes,Chuquiraga jussieui
72,174182,Japanese-leaf,Aglaonema modestum
73,32202,red mulberry,Morus rubra
74,186058,clover dodder,Cuscuta epithymum
75,39534,snake plant,Sansevieria trifasciata
76,39519,elephant-foot tree,Beaucarnea recurvata
77,336665,pulasan,Nephelium ramboutan-ake
78,28540,summer lilac,Buddleja davidii
79,221775,globe-amaranth,Gomphrena globosa
80,345127,Boston-ivy,Parthenocissus tricuspidata
81,50498,bog yellowcress,Rorippa palustris
82,76277,artist's acanthus,Acanthus mollis
83,304130,Mexican groundcherry,Physalis philadelphica
84,1185349,khip,Leptadenia pyrotechnica
85,79557,fish-poison-tree,Barringtonia asiatica
86,260718,sour gooseberry,Phyllanthus acidus
87,53883,Kentucky coffee tree,Gymnocladus dioicus
88,260201,pandan rampeh,Pandanus amaryllifolius
89,79840,citronella grass,Cymbopogon nardus
90,55318,curly-leaf pondweed,Potamogeton crispus
91,316484,Korean violet,Viola albida
92,35625,Hindu datura,Datura metel
93,693863,velvet threadpetal,Stenopetalum velutinum
94,38494,spiny-spored quillwort,Isoetes echinospora
95,198766,sour mangosteen,Garcinia xanthochymus
96,228163,cao pi hua,Betula utilis
97,228974,Japanese thyme,Thymus quinquecostatus
98,857043,willow oak,Quercus phellos
99,50001,yellow trumpets,Sarracenia alata
100,89634,moonflower,Ipomoea alba
101,45179,kino,Coccoloba uvifera
102,287979,bignay,Antidesma bunius
103,300207,western poison-oak,Toxicodendron diversilobum
104,315440,ding zuo cao,Boschniakia himalaica
105,241598,crimson-eyed rosemallow,Hibiscus moscheutos
106,4298,English holly,Ilex aquifolium
107,312789,liang ye hua,Betula luminifera
108,180763,whortleberry,Vaccinium myrtillus
109,472369,lowbush blueberry,Vaccinium angustifolium
110,69266,highbush blueberry,Vaccinium corymbosum
111,32242,cherry laurel,Prunus laurocerasus
112,151440,Siberian apricot,Prunus sibirica
113,122122,Manchurian plum,Prunus mandshurica
114,133204,chokecherry,Prunus virginiana
115,75626,shore medic,Medicago littoralis
116,36595,cherry plum,Prunus cerasifera
117,3610,common buckthorn,Rhamnus cathartica
118,106677,glossy buckthorn,Frangula alnus
119,477864,culantro,Eryngium foetidum
120,286684,goosegrass,Acrachne racemosa
121,74636,eglantine rose,Rosa rubiginosa
122,165330,germander speedwell,Veronica chamaedrys
123,99384,field speedwell,Veronica agrestis
124,39414,narrow-leaved plantain,Plantago lanceolata
125,223169,American shoreweed,Littorella uniflora
126,43171,common toadflax,Linaria vulgaris
127,4164,common foxglove,Digitalis purpurea
128,4156,cutleaf monkeyflower,Erythranthe laciniata
129,4155,spotted monkey flower,Erythranthe guttata
130,473049,hardhack,Spiraea tomentosa
131,3527,American pokeweed,Phytolacca americana
132,34172,dwarf palmetto,Sabal minor
133,152390,hollong,Dipterocarpus retusus
134,405945,Siberian motherwort,Leonurus sibiricus
135,121720,Japanese barberry,Berberis thunbergii
136,70929,pitch pine,Pinus caribaea
137,171214,Miyabe maple,Acer miyabei
138,189976,gemsbuck bean,Tylosema esculentum
139,324593,kuth,Saussurea costus
140,55062,Pacific ponderosa pine,Pinus ponderosa
141,3331,Colorado spruce,Picea pungens
142,326921,zaozhu,Phyllostachys praecox
143,269721,wax tree,Toxicodendron succedaneum
144,91248,eastern daisy fleabane,Erigeron annuus
145,171973,pitayo dulce,Stenocereus thurberi
146,4170,witchweed,Striga asiatica
147,33129,tepary bean,Phaseolus acutifolius
148,248520,Texas kidneywood,Eysenhardtia texana
149,139928,bitternut,Carya cordiformis
150,91227,mockernut hickory,Carya tomentosa
151,1370061,black hickory,Carya texana
152,13403,pignut hickory,Carya glabra
153,1370055,scrub hickory,Carya floridana
154,15957,timothy grass,Phleum pratense
155,15304,foxtail,Alopecurus pratensis
156,15371,smooth brome grass,Bromus inermis
157,46901,water-pepper,Persicaria hydropiper
158,499986,northern wattle,Acacia crassicarpa
159,49577,crepe-ginger,Hellenia speciosa
160,41522,blue bottle,Centaurea cyanus
161,39526,cast-iron plant,Aspidistra elatior
162,75943,prickly lettuce,Lactuca serriola
163,43195,blue lettuce,Lactuca perennis
164,527214,Canada wild lettuce,Lactuca canadensis
165,29711,daylily,Hemerocallis hybrid cultivar
166,139930,yue nan shan he tao,Carya tonkinensis
167,139929,nutmeg hickory,Carya myristiciformis
168,4530,Asian cultivated rice,Oryza sativa
169,100577,liang liao rong,Ficus tinctoria
170,171938,kweni,Mangifera odorata
171,97729,Chinese-keys,Boesenbergia rotunda
172,130414,Javanese long pepper,Piper retrofractum
173,157794,shiribukagashi,Lithocarpus glaber
174,129217,rock cherry,Prunus mahaleb
175,140311,sour cherry,Prunus cerasus
176,66392,tang-gui mulberry,Morus australis
177,203270,hollyleaf barberry,Berberis aquifolium
178,167587,Asiatic bitter yam,Dioscorea hispida
179,455430,cotton-rose,Hibiscus mutabilis
180,101596,garden dahlia,Dahlia pinnata
181,39324,hyssop,Hyssopus officinalis
182,49988,winter savory,Satureja montana
183,39338,common balm,Melissa officinalis
184,128002,tansy,Tanacetum vulgare
185,41496,pot marigold,Calendula officinalis
186,72341,tarragon,Artemisia dracunculus
187,127999,feverfew,Tanacetum parthenium
188,194200,black horehound,Ballota nigra
189,4265,wild artichoke,Cynara cardunculus
190,43364,common horse chestnut,Aesculus hippocastanum
191,99035,field marigold,Calendula arvensis
192,4020,nasturtium,Tropaeolum majus
193,40962,alexanders,Smyrnium olusatrum
194,3625,zhong hua mi hou tao,Actinidia chinensis
195,543981,Jerusalem sage,Phlomis fruticosa
196,74649,China rose,Rosa chinensis
197,124761,matweed,Amaranthus blitoides
198,124760,tumbleweed amaranth,Amaranthus albus
199,59166,European cornsalad,Valerianella locusta
200,237575,dancy tangerine,Citrus tangerina
201,481549,King of Siam,Citrus nobilis
202,171249,surkh nimboo,Citrus limonia
203,64884,rough lemon,Citrus jambhiri
204,341931,Indian wild orange,Citrus indica
205,341934,dooja,Citrus australis
206,46963,blue cohosh,Caulophyllum thalictroides
207,123405,qat,Catha edulis
208,53923,mocote,Senna alata
209,66172,green ephedra,Ephedra viridis
210,39583,Mexican-tea,Ephedra trifurca
211,191311,clap-weed,Ephedra pedunculata
212,191310,gray ephedra,Ephedra nevadensis
213,3389,sea-grape,Ephedra distachya
214,173275,pinku pinku,Ephedra americana
215,214697,dessert banana,Musa acuminata
216,71631,southern pine,Pinus echinata
217,35122,giant kelp,Macrocystis pyrifera
218,254029,thyme-leaf sandwort,Arenaria serpyllifolia
219,743734,devil's darning needle,Clematis virginiana
220,231651,si gua hua,Clematis lasiandra
221,231652,pipestem,Clematis lasiantha
222,748696,blue jasmine,Clematis crispa
223,49227,southern adder's-tongue,Ophioglossum vulgatum
224,53852,golden-rain,Cassia fistula
225,185238,large periwinkle,Vinca major
226,3674,spiny bitter cucumber,Momordica cochinchinensis
227,49879,giant wild-pine,Tillandsia utriculata
228,49541,Spanish-moss,Tillandsia usneoides
229,46348,hedgehog licorice,Glycyrrhiza echinata
230,119261,Batavia cinnamon,Cinnamomum burmanni
231,66669,American linden,Tilia americana
232,121718,silver linden,Tilia tomentosa
233,720871,pu di bai,Juniperus procumbens
234,29722,tampala,Amaranthus tricolor
235,333555,maruba-ke-sumire,Viola collina
236,46032,wall speedwell,Veronica arvensis
237,290852,heart-leaf philodendron,Philodendron hederaceum
238,3501,great nettle,Urtica dioica
239,233204,European white elm,Ulmus laevis
240,3485,Japanese hop,Humulus japonicus
241,167892,gooseneck loosestrife,Lysimachia clethroides
242,3617,common buckwheat,Fagopyrum esculentum
243,192626,big sandbur,Cenchrus myosuroides
244,200544,tachibana orange,Citrus tachibana
245,349445,manghsan mandarin,Citrus mangshanensis
246,1008983,kabuchi,Citrus keraji
247,135197,kuzu,Citrus junos
248,167922,bleeding-heart vine,Clerodendrum thomsoniae
249,216992,yue hua,Betula ermanii
250,140657,Manchurian cherry,Prunus maackii
251,438425,Asian marshweed,Limnophila sessiliflora
252,32189,lily-of-the-valley,Convallaria majalis
253,241838,hai qi,Excoecaria agallocha
254,4690,trumpet lily,Lilium longiflorum
255,202991,o-benkei-so,Phedimus spurius
256,308686,Sargent spruce,Picea brachytyla
257,156149,Florida torreya,Torreya taxifolia
258,174168,western pasqueflower,Anemone occidentalis
259,74823,Icelandic poppy,Papaver nudicaule
260,61236,Kamchatka-lily,Fritillaria camschatcensis
261,121082,sea hearse,Hernandia nymphaeifolia
262,201017,langsat,Lansium domesticum
263,349509,ho-no-ki,Magnolia obovata
264,3410,bigleaf magnolia,Magnolia macrophylla
265,3412,sweetbay,Magnolia virginiana
266,54733,star magnolia,Magnolia stellata
267,111574,Puerto Rico magnolia,Magnolia portoricensis
268,111568,laurel magnolia,Magnolia splendens
269,93612,northern corn leaf blight,Exserohilum turcicum
270,318061,gulf sandmat,Euphorbia thymifolia
271,271748,gerongong,Cratoxylum arborescens
272,168825,Japanese artichoke,Stachys affinis
273,204215,hand-of-Mary,Vitex trifolia
274,34205,flag,Iris germanica
275,87088,mambi-bean,Vigna umbellata
276,105678,hei guo shan jiang,Alpinia nigra
277,70741,Arctic raspberry,Rubus arcticus
278,106553,Oregon crabapple,Malus fusca
279,205537,mamoncillo,Solanum caripense
280,205536,mata cucaracha,Solanum capsicoides
281,82423,broad-leaved lime,Tilia platyphyllos
282,193309,scarlet firethorn,Pyracantha coccinea
283,294377,Japanese photinia,Photinia glabra
284,3752,European crab apple,Malus sylvestris
285,97698,California black oak,Quercus kelloggii
286,67830,interior live oak,Quercus wislizeni
287,267247,swamp rose,Rosa palustris
288,267246,tea rose,Rosa odorata
289,106573,willow-leaf pear,Pyrus salicifolia
290,356590,wild pear,Pyrus pyraster
291,2907121,Mexican marigold,Tagetes lemmonii
292,316475,tachitsubo-sumire,Viola grypoceras
293,149353,yabu garashi,Causonis japonica
294,149359,kangaroo vine,Cissus antarctica
295,165299,climbing-begonia,Cissus discolor
296,165298,winged treebine,Cissus quadrangularis
297,393533,clustered blacksnakeroot,Sanicula odorata
298,2689076,chuang-xiong,Ligusticum chuanxiong
299,57648,shira-kashi,Quercus myrsinifolia
300,248839,Farrer's lampshade-poppy,Meconopsis integrifolia
301,82025,common hyacinth,Hyacinthus orientalis
302,3750,apple,Malus domestica
303,4702,Siberian squill,Scilla siberica
304,39552,Spanish dagger,Yucca treculeana
305,932103,slender rush,Juncus tenuis
306,223661,roundleaf rush,Juncus compressus
307,223656,toad rush,Juncus bufonius
308,63678,tower rockcress,Turritis glabra
309,74632,French rose,Rosa gallica
310,74653,Macartny rose,Rosa bracteata
311,119236,Himalayan musk rose,Rosa brunonii
312,74646,musk rose,Rosa moschata
313,57935,cinnamon rose,Rosa majalis
314,55464,European frog's-bit,Hydrocharis morsus-ranae
315,3806,camel's foot tree,Bauhinia purpurea
316,3795,alumroot,Heuchera micrantha
317,28514,tree germander,Teucrium fruticans
318,267265,Dutch eggplant,Solanum aculeatissimum
319,150409,Japanese lilac,Syringa villosa
320,108594,ling xiao,Campsis grandiflora
321,46980,American liverleaf,Hepatica americana
322,174164,wu gong san qi,Anemone flaccida
323,312531,bai hua qian hu,Kitagawia praeruptora
324,329675,winter daphne,Daphne odora
325,81913,tu si,Cuscuta japonica
326,51089,nutmeg,Myristica fragrans
327,227242,Chinese taro,Alocasia cucullata
328,139772,candleberry-tree,Triadica sebifera
329,260143,Java-apple,Syzygium samarangense
330,371028,mile-a-minute vine,Persicaria perfoliata
331,75079,black raspberry,Rubus occidentalis
332,183268,flower-of-an-hour,Hibiscus trionum
333,176136,trailing raspberry,Rubus parvifolius
334,174648,mealy kudzu,Pueraria montana
335,296035,ye xia zhu,Phyllanthus urinaria
336,197796,Asian plantain,Plantago asiatica
337,57926,silverweed cinquefoil,Potentilla anserina
338,3704,horseradish,Armoracia rusticana
339,3621,garden rhubarb,Rheum rhabarbarum
340,174190,fancy-leaf caladium,Caladium bicolor
341,58425,aridoshi,Damnacanthus indicus
342,53588,cup-plant,Silphium perfoliatum
343,3884,lima bean,Phaseolus lunatus
344,89656,bay hops,Ipomoea pes-caprae
345,35725,charcoal rot,Macrophomina phaseolina
346,483693,Indian elecampane,Inula racemosa
347,56187,shaggy mane,Coprinus comatus
348,63779,garden balsam,Impatiens balsamina
349,382117,mescal de maguey,Agave angustifolia
350,442491,sisal,Agave sisalana
351,52824,Ethiopian mustard,Brassica carinata
352,85681,clementine,Citrus clementina
353,71365,tall rocket,Sisymbrium altissimum
354,488216,Japanese knotweed,Reynoutria japonica
355,13579,common rush,Juncus effusus
356,270105,Chinese lovegrass,Eragrostis unioloides
357,208267,Japanese lovegrass,Eragrostis tenella
358,48734,stink grass,Eragrostis cilianensis
359,66380,kozo,Broussonetia kazinoki
360,106130,Thai rosewood,Dalbergia cochinchinensis
361,349989,tortured willow,Salix matsudana
362,140651,madden cherry,Prunus hypoleuca
363,194251,breadfruit,Artocarpus altilis
364,43861,golden-apple,Spondias dulcis
365,416196,Australian finger-lime,Citrus australasica
366,213591,f'ai taemanu,Musa banksii
367,133197,Japanese fiber banana,Musa basjoo
368,228181,fuzzy pink banana,Musa velutina
369,693372,spiny oleaster,Elaeagnus pungens
370,3116,hollow green seaweed,Ulva intestinalis
371,2889,Atlantic wakame,Alaria esculenta
372,145780,Virginia wild rye,Elymus virginicus
373,62615,stylo,Stylosanthes guianensis
374,137220,yao yong da huang,Rheum officinale
375,179355,Findlay's orchid,Dendrobium findlayanum
376,66386,creeping fig,Ficus pumila
377,4300,Perny's holly,Ilex pernyi
378,99817,pencil pine,Athrotaxis cupressoides
379,37645,figleaf gourd,Cucurbita ficifolia
380,3813,silk tree,Albizia julibrissin
381,29892,ear fungus,Auricularia auricula-judae
382,99038,crown daisy,Glebionis coronaria
383,318062,asthma-plant,Euphorbia hirta
384,48386,shiso-zoku,Perilla frutescens
385,167917,golden dewdrops,Duranta erecta
386,4545,Kentucky bluegrass,Poa pratensis
387,132429,yabumame,Amphicarpaea edgeworthii
388,115715,hog-peanut,Vigna subterranea
389,709982,Chinese flowering crabapple,Malus spectabilis
390,138334,ramp,Allium tricoccum
391,74900,chive,Allium schoenoprasum
392,192627,kikuyugrass,Cenchrus flaccidus
393,4419,American white water-lily,Nymphaea odorata
394,126639,pygmy water-lily,Nymphaea tetragona
395,210225,pocket water lily,Nymphaea colorata
396,99808,sawara,Chamaecyparis pisifera
397,39984,Burma mangrove,Bruguiera gymnorhiza
398,200947,shamrock pea,Parochetus communis
399,3891,winged bean,Psophocarpus tetragonolobus
400,53893,sericea lespedeza,Lespedeza cuneata
401,471941,running-postman,Kennedia prostrata
402,53885,coral-pea,Hardenbergia violacea
403,49817,cry-baby tree,Erythrina crista-galli
404,3490,cempedak,Artocarpus integer
405,171944,Nepal mango,Mangifera sylvatica
406,3926,apple-leaf,Philenoptera violacea
407,55444,sago-pondweed,Stuckenia pectinata
408,361442,Chinese chastetree,Vitex negundo
409,64575,Borneo camphor,Dryobalanops aromatica
410,43073,tobira,Pittosporum tobira
411,237933,gamazumi,Viburnum dilatatum
412,206307,sesbania pea,Sesbania cannabina
413,75085,wine raspberry,Rubus phoenicolasius
414,520761,hamanigana,Ixeris repens
415,52822,milky pine,Alstonia scholaris
416,37690,trifoliate orange,Citrus trifoliata
417,3498,white mulberry,Morus alba
418,510735,shan zha,Crataegus pinnatifida
419,292385,karite-nu,Vitellaria paradoxa
420,4673,Japanese yam,Dioscorea japonica
421,4513,barley,Hordeum vulgare
422,4090,tree tobacco,Nicotiana glauca
423,4089,Debney's tobacco,Nicotiana debneyi
424,248837,prickly blue-poppy,Meconopsis horridula
425,59495,kala hinsalu,Rubus niveus
426,59492,yellow raspberry,Rubus ellipticus
427,4511,finger millet,Eleusine coracana
428,4297,yaupon,Ilex vomitoria
429,83906,ramie,Boehmeria nivea
430,106546,mu gua,Chaenomeles speciosa
431,66169,Chinese plum yew,Cephalotaxus fortunei
432,320322,fei banana,Musa troglodytarum
433,3710,black mustard,Brassica nigra
434,3905,bird vetch,Vicia cracca
435,1370058,shellbark hickory,Carya laciniosa
436,167337,vetivergrass,Chrysopogon zizanioides
437,102211,wax gourd,Benincasa hispida
438,175755,titan arum,Amorphophallus titanum
439,89636,Chinese water-spinach,Ipomoea aquatica
440,285592,Missouri River willow,Salix eriocephala
441,290840,velvet maple,Acer velutinum
442,75745,silver maple,Acer saccharinum
443,66214,striped maple,Acer pensylvanicum
444,66211,big-leaf maple,Acer macrophyllum
445,47966,full-moon maple,Acer japonicum
446,291206,bigtooth maple,Acer grandidentatum
447,66208,hawthorn maple,Acer crataegifolium
448,66207,vine maple,Acer circinatum
449,66205,hedge maple,Acer campestre
450,53211,kurogane-mochi,Ilex rotunda
451,79772,pigeon's-grass,Verbena officinalis
452,68875,bluewings,Torenia fournieri
453,555706,searocket,Cakile lanceolata
454,349956,American sea rocket,Cakile edentula
455,226284,artillery-plant,Pilea microphylla
456,269719,smokebush,Cotinus coggygria
457,3442,Japanese goldthread,Coptis japonica
458,35936,hyacinth bean,Lablab purpureus
459,328098,spiny holly mangrove,Acanthus ilicifolius
460,241844,mangrove trumpet-tree,Dolichandrone spathacea
461,190802,cat's-whiskers,Gynandropsis gynandra
462,53861,crown-vetch,Securigera varia
463,151433,European dwarf cherry,Prunus fruticosa
464,151431,desert almond,Prunus fasciculata
465,47651,Austrian peaweed,Sphaerophysa salsula
466,52150,rescuegrass,Bromus catharticus
467,21020,European chestnut,Castanea sativa
468,103480,kuri,Castanea crenata
469,516554,ao ye jing tian,Sedum emarginatum
470,66654,Gold Coast bombax,Bombax buonopozense
471,50192,field sow-thistle,Sonchus arvensis
472,63787,South American air plant,Kalanchoe fedtschenkoi
473,3882,common sainfoin,Onobrychis viciifolia
474,309270,council-tree,Ficus altissima
475,38722,Manila grass,Zoysia matrella
476,65557,hollyhock,Alcea rosea
477,309312,banjo fig,Ficus lyrata
478,182105,benjamin-tree,Ficus benjamina
479,66385,laurel fig,Ficus microcarpa
480,100580,spotted fig,Ficus virens
481,291326,xuan shen,Scrophularia ningpoensis
482,3565,slim amaranth,Amaranthus hybridus
483,60418,shagbark hickory,Carya ovata
484,213255,guo lu huang,Lysimachia christinae
485,118431,sekichiku,Dianthus chinensis
486,196703,slender-flower thistle,Carduus tenuiflorus
487,3631,China jute,Abutilon theophrasti
488,185191,common St. Paul's wort,Sigesbeckia orientalis
489,151071,rambutan,Nephelium lappaceum
490,176265,dragon fruit,Selenicereus undatus
491,140662,clove cherry,Prunus apetala
492,159041,Hong Kong kumquat,Citrus hindsii
493,336856,Bengal ginger,Zingiber montanum
494,183267,majagua,Talipariti tiliaceum
495,496653,alei,Citrus hongheensis
496,2709,Ichang papeda,Citrus cavaleriei
497,3830,smooth rattlebox,Crotalaria pallida
498,470571,August lily,Hosta plantaginea
499,23013,devil's backbone,Kalanchoe daigremontiana
500,622458,karira,Capparis decidua
501,46961,twinleaf,Jeffersonia diphylla
502,14027,windmill palm,Trachycarpus fortunei
503,1170222,musk okra,Abelmoschus moschatus
504,183220,sunset-hibiscus,Abelmoschus manihot
505,132261,field dodder,Cuscuta campestris
506,36599,rowan,Sorbus aucuparia
507,219892,Malay-apple,Syzygium malaccense
508,323665,Asiatic yam,Dioscorea esculenta
509,13055,fireweed,Chamaenerion angustifolium
510,66652,Syrian bean-caper,Zygophyllum fabago
511,43166,sour orange,Citrus aurantium
512,237574,sunki mandarin,Citrus sunki
513,204211,American beauty-berry,Callicarpa americana
514,4024,sugar maple,Acer saccharum
515,4025,Norway maple,Acer platanoides
516,4023,box elder,Acer negundo
517,50236,flowering-rush,Butomus umbellatus
518,47101,goat's rue,Galega officinalis
519,265496,Manchurian catalpa,Catalpa bungei
520,39347,catnip,Nepeta cataria
521,113250,Canary date palm,Phoenix canariensis
522,184140,pipinela,Sicyos edulis
523,99292,Chinese raisintree,Hovenia dulcis
524,3758,plum,Prunus domestica
525,86643,barometer-bush,Leucophyllum frutescens
526,3824,sword bean,Canavalia gladiata
527,82207,yu zhu,Polygonatum odoratum
528,441205,purple mullein,Verbascum phoeniceum
529,38869,clary,Salvia sclarea
530,58333,southern live oak,Quercus virginiana
531,171251,citron,Citrus medica
532,180675,scarlet sage,Salvia splendens
533,242839,da hua hong jing tian,Rhodiola crenulata
534,248846,red poppywort,Meconopsis punicea
535,142181,paperbush,Edgeworthia chrysantha
536,3510,wax-myrtle,Morella cerifera
537,355332,yuan zhi,Polygala tenuifolia
538,231030,Calcutta bamboo,Dendrocalamus strictus
539,495764,bush bamboo,Bambusa oliveriana
540,280849,velvet-leaf bamboo,Dendrocalamus brandisii
541,29671,giant bamboo,Dendrocalamus giganteus
542,225828,tama bamboo,Dendrocalamus hamiltonii
543,57650,Tatarian maple,Acer tataricum
544,71035,annual salt marsh aster,Symphyotrichum subulatum
545,155640,chinaberry,Melia azedarach
546,29672,crinkled hair grass,Avenella flexuosa
547,42048,poverty oat grass,Danthonia spicata
548,205524,shum,Solanum aethiopicum
549,4111,eggplant,Solanum melongena
550,3915,black gram,Vigna mungo
551,56994,Moreton Bay pine,Araucaria cunninghamii
552,67938,winged prickly-ash,Zanthoxylum armatum
553,184783,pinang,Areca catechu
554,56866,singkwa towel gourd,Luffa acutangula
555,106566,Toringo crab-apple,Malus sieboldii
556,74656,xian he cao,Agrimonia pilosa
557,136222,temu lawak,Curcuma xanthorrhiza
558,2777731,buttontree,Terminalia phillyreifolia
559,51350,turnip,Brassica rapa
560,63058,Chinese elm,Ulmus parvifolia
561,35926,mountain papaya,Vasconcellea cundinamarcensis
562,153659,moneyplant,Lunaria annua
563,190884,teraspic,Iberis amara
564,302120,false blue flax,Heliophila longifolia
565,98002,spectacle-pod,Dimorphocarpa wislizeni
566,95413,fewseed draba,Draba oligosperma
567,202635,garlic-pear,Crateva tapia
568,228876,hare's-ear mustard,Conringia orientalis
569,220483,European searocket,Cakile maritima
570,50463,hairy bittercress,Cardamine hirsuta
571,82356,coralroot bittercress,Cardamine bulbifera
572,115924,silver rockcress,Boechera puberula
573,359822,smooth rockcress,Boechera laevigata
574,126270,garlic mustard,Alliaria petiolata
575,169068,hoary alyssum,Alyssum alyssoides
576,171213,Nikko maple,Acer nikoense
577,13230,ironwood,Prosopis juliflora
578,106568,cutleaf crab apple,Malus toringoides
579,83951,midnight horror,Oroxylum indicum
580,483143,Indian redwood,Biancaea sappan
581,298670,sugar sumac,Rhus ovata
582,298668,lemonade sumac,Rhus integrifolia
583,107308,Indian rosewood,Dalbergia sissoo
584,49657,China-root,Smilax china
585,79001,sasa-yuri,Lilium japonicum
586,499988,fragrant rosewood,Dalbergia odorifera
587,311405,shampoo ginger,Zingiber zerumbet
588,211926,African tuliptree,Spathodea campanulata
589,300208,Chinese white-olive,Canarium album
590,78384,golden-club,Orontium aquaticum
591,155299,sambal,Litsea cubeba
592,35974,white sandalwood,Santalum album
593,3133,dead man's fingers,Codium fragile
594,4477,water lettuce,Pistia stratiotes
595,126554,devilwood,Osmanthus americanus
596,125259,cao dou kou,Alpinia hainanensis
597,37231,moonwort,Botrychium lunaria
598,50207,common sow-thistle,Sonchus oleraceus
599,3816,Indian licorice,Abrus precatorius
600,88123,Japanese plum,Prunus salicina
601,265497,Chinese catalpa,Catalpa ovata
602,162715,turpentine tree,Colophospermum mopane
603,162772,sasswood,Erythrophleum suaveolens
604,72433,flametree,Delonix regia
605,74613,Chinese licorice,Glycyrrhiza uralensis
606,162812,gayac,Intsia bijuga
607,162646,pride-of-Burma,Amherstia nobilis
608,74635,dog briar,Rosa canina
609,244509,oakleaf goosefoot,Oxybasis glauca
610,296036,emblic,Phyllanthus emblica
611,293060,carry-me seed,Phyllanthus amarus
612,685943,blackbutt peppermint,Eucalyptus smithii
613,63476,Indian sarsaparilla,Hemidesmus indicus
614,155022,harra,Terminalia chebula
615,272863,asparagus fern,Asparagus setaceus
616,16752,dokudami,Houttuynia cordata
617,59680,Japanese snowbell,Styrax japonicus
618,57577,rotklee,Trifolium pratense
619,56060,palas,Butea monosperma
620,49825,dyer's greenweed,Genista tinctoria
621,346951,moneybush,Senna bicapsularis
622,162890,tipilla,Pterogyne nitens
623,46664,Brazilian firetree,Schizolobium parahyba
624,28958,xiao dao dou,Canavalia cathartica
625,48131,false indigo,Amorpha fruticosa
626,43522,Indian mulberry,Morinda citrifolia
627,53205,tara-yo,Ilex latifolia
628,4060,serpentwood,Rauvolfia serpentina
629,110284,Chinese water-chestnut,Eleocharis dulcis
630,105885,coralberry,Symphoricarpos orbiculatus
631,206309,picashia,Sesbania grandiflora
632,191881,yellow nicker,Guilandina bonduc
633,1268648,cigar cassia,Cassia brewsteri
634,199163,ice cream bean,Inga edulis
635,118510,pyrethrum,Tanacetum cinerariifolium
636,219868,clove,Syzygium aromaticum
637,126910,ashwagandha,Withania somnifera
638,180581,panirband,Withania coagulans
639,20340,carob,Ceratonia siliqua
640,3897,Japanese pagoda tree,Styphnolobium japonicum
641,386150,granadilla de monte,Cionosicys macranthus
642,68535,Mexican-apple,Casimiroa edulis
643,340444,East Indian copaiba balsam,Dipterocarpus turbinatus
644,556514,shrubby lespedeza,Lespedeza bicolor
645,74652,Cherokee rose,Rosa laevigata
646,42337,bur-marigold,Bidens pilosa
647,72917,horseweed,Erigeron canadensis
648,44947,water hyacinth,Pontederia crassipes
649,158555,Manchurian birthwort,Aristolochia manshuriensis
650,152838,golden spider-lily,Lycoris aurea
651,76276,old-man-in-the-Spring,Senecio vulgaris
652,13547,Transvaal daisy,Gerbera jamesonii
653,4013,Japanese lacquer-tree,Toxicodendron vernicifluum
654,137226,Chinese rhubarb,Rheum tanguticum
655,112819,runeala-plum,Flacourtia jangomas
656,255348,staghorn sumac,Rhus typhina
657,290911,Chinese horse-chestnut,Aesculus chinensis
658,289741,Chinese pistachio,Pistacia chinensis
659,52462,cumin,Cuminum cyminum
660,552838,yu ye mei,Prunus triloba
661,376207,Mexican-heather,Cuphea hyssopifolia
662,38942,English oak,Quercus robur
663,136209,wild turmeric,Curcuma aromatica
664,81762,English bluebell,Hyacinthoides non-scripta
665,217170,broadleaf carpetgrass,Axonopus compressus
666,139932,yellow basket-willow,Engelhardia roxburghiana
667,170924,poison primrose,Primula obconica
668,119260,cassia-bark,Cinnamomum aromaticum
669,62097,frangipani,Plumeria rubra
670,124768,cultivated cockscomb,Celosia cristata
671,229543,kenaf,Hibiscus cannabinus
672,206227,waxplant,Hoya carnosa
673,13387,incense cedar,Calocedrus decurrens
674,3728,white mustard,Sinapis alba
675,37565,common rue,Ruta graveolens
676,138033,mgunga,Vachellia nilotica
677,138043,gum-arabic,Senegalia senegal
678,2906878,chess-apple,Aria edulis
679,36610,quince,Cydonia oblonga
680,193308,oriental photinia,Pourthiaea villosa
681,106547,southern crabapple,Malus angustifolia
682,42754,monkey-puzzle tree,Araucaria araucana
683,106557,prairie crabapple,Malus ioensis
684,36604,Chinese flowering quince,Chaenomeles cathayensis
685,36594,red chokeberry,Aronia arbutifolia
686,106549,shan jing zi,Malus baccata
687,39529,big blue lilyturf,Liriope muscari
688,23211,pear,Pyrus communis
689,36614,southern false serviceberry,Malacomeles denticulata
690,141002,indian-physic,Gillenia stipulata
691,35968,mountain shadbush,Amelanchier bartramiana
692,141003,mountain indian-physic,Gillenia trifoliata
693,106550,sweet crabapple,Malus coronaria
694,191891,bird-of-paradise shrub,Erythrostemon gilliesii
695,78632,American hazelnut,Corylus americana
696,38862,bog stars,Parnassia palustris
697,99812,ahuehuete,Taxodium mucronatum
698,67723,death cap,Amanita phalloides
699,41956,fly agaric,Amanita muscaria
700,87325,destroying angel,Amanita bisporigera
701,29642,bird's-nest fern,Asplenium nidus
702,228395,red spider-lily,Lycoris radiata
703,4202,European elder,Sambucus nigra
704,19953,garden heliotrope,Valeriana officinalis
705,80338,Jamaica-plum,Spondias mombin
706,140661,dwarf Russian almond,Prunus tenella
707,56899,corail,Parasitaxus usta
708,120598,manoao,Manoao colensoi
709,2047775,yabu-nikkei,Cinnamomum yabunikkei
710,42229,sweet cherry,Prunus avium
711,16925,ogeechee lime,Nyssa ogeche
712,164435,Lapland cornel,Cornus suecica
713,4282,dwarf cornel,Cornus canadensis
714,60120,mountain dogwood,Cornus nuttallii
715,4283,flowering dogwood,Cornus florida
716,28501,kousa dogwood,Cornus kousa
717,16902,pagoda dogwood,Cornus alternifolia
718,39326,yellow waxbells,Kirengeshoma palmata
719,58656,hairy cat's-ear,Hypochaeris radicata
720,2858,marine diatom,Nitzschia alba
721,389499,giant sword fern,Nephrolepis biserrata
722,118781,Chinese white poplar,Populus tomentosa
723,97750,galangal,Kaempferia galanga
724,289639,mututtu,Klainedoxa gabonensis
725,29740,American elm,Ulmus americana
726,93759,Nalta jute,Corchorus olitorius
727,210143,jute,Corchorus capsularis
728,53204,mochitree,Ilex integra
729,146505,Chinese holly,Ilex cornuta
730,187269,nan sha shen,Adenophora triphylla
731,294733,corn mint,Mentha canadensis
732,418402,hai er shen,Pseudostellaria heterophylla
733,136465,Taiwan cherry,Prunus campanulata
734,74645,Turkestan rose,Rosa rugosa
735,103485,Mongolian oak,Quercus mongolica
736,88732,Yunnan pine,Pinus yunnanensis
737,13427,chicory,Cichorium intybus
738,4588,tall wheatgrass,Thinopyrum elongatum
739,330177,yellow passionflower,Passiflora lutea
740,133504,devil's-pumpkin,Passiflora suberosa
741,40009,princess flower,Pleroma urvilleanum
742,300536,mengkulang,Heritiera elata
743,378228,Oshima cherry,Prunus speciosa
744,36596,apricot,Prunus armeniaca
745,190515,monk fruit,Siraitia grosvenorii
746,56036,green ash,Fraxinus pennsylvanica
747,204149,holy basil,Ocimum tenuiflorum
748,22666,water chestnut,Trapa natans
749,136217,turmeric,Curcuma longa
750,241857,upas,Antiaris toxicaria
751,160690,flowering banana,Musa ornata
752,3879,alfalfa,Medicago sativa
753,66004,curly Mitchell grass,Astrebla lappacea
754,28511,patchouli,Pogostemon cablin
755,42064,slash pine,Pinus elliottii
756,342582,Kawakami fir,Abies kawakamii
757,4726,Veitch's screw pine,Pandanus tectorius
758,16906,Japanese cornel,Cornus officinalis
759,13419,wintersweet,Chimonanthus praecox
760,13573,ribbonwood,Idiospermum australiense
761,137004,seven-sons tree,Heptacodium miconioides
762,4217,great burdock,Arctium lappa
763,564016,youngberry,Rubus hybrid cultivar
764,321593,cha tian pao,Rubus coreanus
765,3522,swamp oak,Casuarina glauca
766,2545990,cham-dat-kkot,Halenia coreana
767,89660,hummingbird-vine,Ipomoea quamoclit
768,76306,sensitive-plant,Mimosa pudica
769,90345,balsam fir,Abies balsamea
770,323693,yun nan mu xi lan,Olea tsoongii
771,56032,blue ash,Fraxinus quadrangulata
772,56040,Oregon ash,Fraxinus latifolia
773,38872,white ash,Fraxinus americana
774,113205,tong quan cao,Mazus pumilus
775,45372,silver fir,Abies alba
776,77912,tanyosho pine,Pinus densiflora
777,41241,garden sorrel,Rumex acetosa
778,93977,sweet osmanthus,Osmanthus fragrans
779,141191,henna,Lawsonia inermis
780,41398,night jasmine,Nyctanthes arbor-tristis
781,13597,common privet,Ligustrum vulgare
782,85216,duo hua su xin,Jasminum polyanthum
783,183298,rose-of-China,Hibiscus rosa-sinensis
784,120620,podo,Podocarpus latifolius
785,3316,giant arborvitae,Thuja plicata
786,66014,lemon grass,Cymbopogon citratus
787,203015,rose-root,Rhodiola rosea
788,50273,tansyleaf nightshade,Solanum pinnatisectum
789,172790,phureja,Solanum phureja
790,4108,Chaco potato,Solanum chacoense
791,160510,heartleaf nightshade,Solanum cardiophyllum
792,3444,love-in-a-mist,Nigella damascena
793,37494,rocket larkspur,Consolida ajacis
794,218851,Rocky Mountain columbine,Aquilegia coerulea
795,292815,Tibetan juniper,Juniperus tibetica
796,156270,Florida yew,Taxus floridana
797,46220,Pacific yew,Taxus brevifolia
798,156271,Mexican yew,Taxus globosa
799,88032,ground-hemlock,Taxus canadensis
800,99806,ichii,Taxus cuspidata
801,29808,Chinese yew,Taxus chinensis
802,147273,Himalayan yew,Taxus wallichiana
803,56029,Manchurian ash,Fraxinus mandshurica
804,309349,Harbin pear,Pyrus ussuriensis
805,82528,saffron crocus,Crocus sativus
806,261786,curry plant,Helichrysum italicum
807,158558,xun gu feng,Aristolochia mollissima
808,12949,Dutchman's-pipe,Aristolochia macrophylla
809,32201,pecan,Carya illinoinensis
810,28930,European beech,Fagus sylvatica
811,85868,Oyama magnolia,Magnolia sieboldii
812,35872,buffelgrass,Cenchrus ciliaris
813,3735,horseradish tree,Moringa oleifera
814,4066,mudar,Calotropis gigantea
815,3592,green carpetweed,Mollugo verticillata
816,3538,garden four-o'clock,Mirabilis jalapa
817,46112,silver cockscomb,Celosia argentea
818,3589,Ceylon-spinach,Basella alba
819,46150,Madeira vine,Anredera cordifolia
820,240055,jiang guo xian,Deeringia amaranthoides
821,45172,Cape leadwort,Plumbago auriculata
822,221166,sea-purslane,Sesuvium portulacastrum
823,325515,corn spurrey,Spergula arvensis
824,76025,Chinese knotweed,Fallopia multiflora
825,330163,epazote,Dysphania ambrosioides
826,210730,marsh orchid,Epipactis palustris
827,3712,wild cabbage,Brassica oleracea
828,85887,Carolina silverbell,Halesia carolina
829,112863,matrimony vine,Lycium barbarum
830,71649,hai-matsu,Pinus pumila
831,3677,Mongolian snake-gourd,Trichosanthes kirilowii
832,16481,half-flower,Scaevola taccada
833,36777,Russian olive,Elaeagnus angustifolia
834,37723,tufted hair grass,Deschampsia cespitosa
835,3252,stag's-horn clubmoss,Lycopodium clavatum
836,74648,memorial rose,Rosa lucieae
837,35924,Chinese peony,Paeonia lactiflora
838,3528,food pokeweed,Phytolacca acinosa
839,39387,cow herb,Gypsophila vaccaria
840,3999,goatnut,Simmondsia chinensis
841,46107,greasewood,Sarcobatus vermiculatus
842,309978,Japanese lawn grass,Zoysia japonica
843,35875,Welsh onion,Allium fistulosum
844,57323,Appalachian shoestring fern,Vittaria appalachiana
845,32172,Japanese claw fern,Onychium japonicum
846,13821,Chinese brake,Pteris vittata
847,112568,pink ladies,Lycoris squamigera
848,296031,Cape blue water-lily,Nymphaea capensis
849,72643,tall kangaroo-paw,Anigozanthos flavidus
850,3567,amaranth,Amaranthus caudatus
851,330570,Texas bluestem,Schizachyrium cirratum
852,459165,West Indian mahogany,Swietenia mahagoni
853,38787,downy birch,Betula pubescens
854,216989,gray birch,Betula populifolia
855,78630,shira-kamba,Betula platyphylla
856,223244,water birch,Betula occidentalis
857,216994,sweet birch,Betula lenta
858,74647,Japanese rose,Rosa multiflora
859,165716,nashi-kazura,Actinidia rufa
860,12991,American hornbeam,Carpinus caroliniana
861,12990,European hornbeam,Carpinus betulus
862,96939,riverbank grape,Vitis riparia
863,167584,bitter yam,Dioscorea dumetorum
864,39358,self-heal,Prunella vulgaris
865,165788,locoto,Capsicum baccatum
866,55576,forest yam,Dioscorea praehensilis
867,29710,yellow yam,Dioscorea cayenensis
868,103355,Concord grape,Vitis labrusca
869,246827,calloose grape,Vitis shuttleworthii
870,54415,bleeding heart,Lamprocapnos spectabilis
871,3352,loblolly pine,Pinus taeda
872,151430,David's peach,Prunus davidiana
873,63051,mukutree,Aphananthe aspera
874,48517,dune food,Pholisma arenarium
875,35874,potato yam,Dioscorea bulbifera
876,55571,yam,Dioscorea alata
877,71623,bristlecone pine,Pinus aristata
878,3570,clove pink,Dianthus caryophyllus
879,51255,Amur honeysuckle,Lonicera maackii
880,146539,yu zi lan,Chloranthus erectus
881,71644,hime-ko-matsu,Pinus parviflora
882,115666,African eggplant,Solanum macrocarpon
883,329777,Sodom-apple,Solanum linnaeanum
884,347188,bush vetch,Vicia sepium
885,3346,stone pine,Pinus pinea
886,3327,western larch,Larix occidentalis
887,97173,Colorado fir,Abies concolor
888,13493,possum apple,Diospyros virginiana
889,46969,rue-anemone,Thalictrum thalictroides
890,58330,sawtooth oak,Quercus acutissima
891,148566,climbing maidenhair fern,Lygodium microphyllum
892,47742,wild pea,Pisum sativum
893,79078,shrubby stylo,Stylosanthes scabra
894,37660,cheesytoes,Stylosanthes hamata
895,126820,coffee senna,Senna occidentalis
896,175518,Indian camphorweed,Pluchea indica
897,38868,garden sage,Salvia officinalis
898,231192,tagua tagua,Passiflora serratodigitata
899,3685,granadilla,Passiflora quadrangularis
900,237863,sweet granadilla,Passiflora ligularis
901,237862,golden bellapple,Passiflora laurifolia
902,5321,cornucopia mushroom,Pleurotus cornucopiae
903,37427,Engelmann's quillwort,Isoetes engelmannii
904,4138,sagebrush motherwort,Leonurus japonicus
905,1233953,heartleaf birch,Betula cordifolia
906,35885,trilobed morning glory,Ipomoea triloba
907,89647,white-star,Ipomoea lacunosa
908,43178,ivy-leaf morning-glory,Ipomoea hederacea
909,29588,Scythian lamb,Cibotium barometz
910,182070,hu er cao,Saxifraga stolonifera
911,4396,Chinese witch hazel,Hamamelis mollis
912,45171,tree peony,Paeonia suffruticosa
913,198035,Abyssinian pea,Pisum abyssinicum
914,55575,shan yao,Dioscorea polystachya
915,516549,jin qiao,Fagopyrum dibotrys
916,2768810,tree-of-heaven,Ailanthus altissimus
917,45325,Indian kapok,Bombax ceiba
918,140035,Cape honeysuckle,Tecomaria capensis
919,128017,longan,Dimocarpus longan
920,492479,hui hu yang,Populus pruinosa
921,3818,peanut,Arachis hypogaea
922,328402,Sichuan-pepper,Zanthoxylum simulans
923,99658,yellow-horn,Xanthoceras sorbifolium
924,3691,black poplar,Populus nigra
925,351344,willow cottonwood,Populus angustifolia
926,210376,ramontchi,Flacourtia indica
927,29719,spearmint,Mentha spicata
928,47965,Shantung maple,Acer truncatum
929,4270,craboo,Byrsonima crassifolia
930,43168,golden rain tree,Koelreuteria paniculata
931,345916,black bent grass,Agrostis gigantea
932,264981,Christ's-thorn,Ziziphus spina-christi
933,157914,cottony jujube,Ziziphus mauritiana
934,13674,lemon-wood,Schisandra sphenanthera
935,50452,gray rockcress,Arabis alpina
936,35708,giant reed,Arundo donax
937,3673,bitter melon,Momordica charantia
938,3662,crookneck pumpkin,Cucurbita moschata
939,192972,Persian fritillary,Fritillaria persica
940,252847,Siam cardamom,Wurfbainia compacta
941,34270,common lilac,Syringa vulgaris
942,53161,yellow archangel,Lamium galeobdolon
943,53159,white dead-nettle,Lamium album
944,254777,false baby's breath,Galium mollugo
945,41550,Canada thistle,Cirsium arvense
946,352371,sand bittercress,Cardamine parviflora
947,357223,little western bittercress,Cardamine oligosperma
948,226012,downy grape,Vitis cinerea
949,4214,giant ragweed,Ambrosia trifida
950,3668,white-flowered gourd,Lagenaria siceraria
951,4443,common camellia,Camellia japonica
952,146659,bergbamboes,Bergbambos tessellata
953,3661,winter squash,Cucurbita maxima
954,103352,sand grape,Vitis rupestris
955,3516,gray alder,Alnus incana
956,29679,velvet grass,Holcus lanatus
957,42053,uva grass,Gynerium sagittatum
958,149405,blow-wives,Achyrachaena mollis
959,154765,Napier grass,Cenchrus purpureus
960,3645,Brazil nut,Bertholletia excelsa
961,105667,downy cherry,Prunus tomentosa
962,147045,Kaido crab apple,Malus micromalus
963,23207,black cherry,Prunus serotina
964,338578,burgu grass,Echinochloa stagnina
965,358661,Turkish rocket,Bunias orientalis
966,756011,Mustang grape,Vitis mustangensis
967,121073,love vine,Cassytha filiformis
968,16719,black walnut,Juglans nigra
969,4081,tomato,Solanum lycopersicum
970,94286,balloon-flower,Platycodon grandiflorus
971,378224,wild Himalayan cherry,Prunus cerasoides
972,13429,camphor tree,Cinnamomum camphora
973,3277,ostrich fern,Matteuccia struthiopteris
974,252529,bitter-apple,Citrullus colocynthis
975,45834,climbing nightshade,Solanum dulcamara
976,40707,yellow tree peony,Paeonia delavayi
977,59679,Japanese stewartia,Stewartia pseudocamellia
978,155545,mountain camellia,Stewartia ovata
979,182302,Franklin-tree,Franklinia alatamaha
980,75722,Indian willow,Salix tetrasperma
981,182306,loblolly bay,Gordonia lasianthus
982,182322,silky-camellia,Stewartia malacodendron
983,4421,Santa Cruz water-lily,Victoria cruziana
984,3562,spinach,Spinacia oleracea
985,79002,true tiger lily,Lilium lancifolium
986,82312,Hong Kong lily,Lilium brownii
987,4689,Henry's lily,Lilium henryi
988,172644,paper-mulberry,Broussonetia papyrifera
989,320146,flowering quince,Chaenomeles japonica
990,193516,sallowthorn,Hippophae rhamnoides
991,2786,laver,Porphyra umbilicalis
992,34199,Barbados aloe,Aloe vera
993,176252,pygmy-pipes,Monotropsis odorata
994,4049,lawn water-pennywort,Hydrocotyle sibthorpioides
995,22663,pomegranate,Punica granatum
996,29780,mango,Mangifera indica
997,151069,litchi,Litchi chinensis
998,3494,common fig,Ficus carica
999,128608,Ceylon cinnamon,Cinnamomum verum
1000,171929,cashew,Anacardium occidentale
1001,455045,okra,Abelmoschus esculentus
1002,4547,noble cane,Saccharum officinarum
1003,39350,sweet basil,Ocimum basilicum
1004,58039,common juniper,Juniperus communis
1005,25629,English yew,Taxus baccata
1006,106636,kangaroo grass,Themeda triandra
1007,330573,crimson bluestem,Schizachyrium sanguineum
1008,55513,pistachio,Pistacia vera
1009,3349,Scots pine,Pinus sylvestris
1010,330157,small carpet grass,Arthraxon hispidus
1011,76910,rain-tree,Samanea saman
1012,4686,garden asparagus,Asparagus officinalis
1013,4533,malo sina,Oryza brachyantha
1014,163927,gopher-apple,Geobalanus oblongifolius
1015,151439,shina oto,Prunus pseudocerasus
1016,141186,crape-myrtle,Lagerstroemia indica
1017,60011,jewel orchid,Ludisia discolor
1018,22987,oiti,Moquilea tomentosa
1019,28532,spider flower,Tarenaya hassleriana
1020,3559,white goosefoot,Chenopodium album
1021,63459,quinoa,Chenopodium quinoa
1022,187461,Formosan false cypress,Chamaecyparis formosensis
1023,28982,bald cypress,Taxodium distichum
1024,859264,tea of heaven,Hydrangea serrata
1025,66201,Japanese maple,Acer palmatum
1026,165710,miyama-mata-tabi,Actinidia kolomikta
1027,50507,magnolia-vine,Schisandra chinensis
1028,349476,climbing hydrangea,Hydrangea petiolaris
1029,28909,Bermuda grass,Cynodon dactylon
1030,925377,lemon verbena,Aloysia citrodora
1031,660624,Arabian jasmine,Jasminum sambac
1032,73154,tung oil tree,Vernicia fordii
1033,57649,trident maple,Acer buergerianum
1034,1980291,liang shan deng tai bao chun,Primula stenodonta
1035,62335,wild sugarcane,Saccharum spontaneum
1036,4208,townhall clock,Adoxa moschatellina
1037,124794,Japanese star-anise,Illicium anisatum
1038,13569,goldenseal,Hydrastis canadensis
1039,145745,marshmallow,Althaea officinalis
1040,85223,bay laurel,Laurus nobilis
1041,170351,kratom,Mitragyna speciosa
1042,3755,almond,Prunus dulcis
1043,233893,blue skullcap,Scutellaria lateriflora
1044,2708,lemon,Citrus limon
1045,124778,Chinese star-anise,Illicium verum
1046,49450,Grecian foxglove,Digitalis lanata
1047,13098,Florida anisetree,Illicium floridanum
1048,35608,sweet wormwood,Artemisia annua
1049,85571,tangerine,Citrus reticulata
1050,2843217,loquat,Rhaphiolepis bibas
1051,59689,lyrate rockcress,Arabidopsis lyrata
1052,3724,common stock,Matthiola incana
1053,99300,Chinese foxglove,Rehmannia glutinosa
1054,37334,shaddock,Citrus maxima
1055,78168,passion fruit,Passiflora edulis
1056,308558,black sampson,Echinacea angustifolia
1057,117167,qing qian liu,Cyclocarya paliurus
1058,47080,wild licorice,Glycyrrhiza lepidota
1059,38689,moor grass,Molinia caerulea
1060,66387,bo tree,Ficus religiosa
1061,13331,chocolate vine,Akebia quinata
1062,519315,egusi melon,Citrullus mucosospermus
1063,168165,zhui li,Castanea henryi
1064,355589,toothed club-moss,Huperzia serrata
1065,216990,alpine birch,Betula nana
1066,3355,golden larch,Pseudolarix amabilis
1067,165700,ulapuca,Capsicum eximium
1068,334597,Mohave yucca,Yucca schidigera
1069,55960,spoon-leaf yucca,Yucca filamentosa
1070,101622,Joshua tree,Yucca brevifolia
1071,39545,false aloe,Agave virginica
1072,39527,blue plantain lily,Hosta ventricosa
1073,39553,Our Lord's candle,Hesperoyucca whipplei
1074,39524,eastern camas,Camassia scilloides
1075,159055,katinga,Murraya caloxylon
1076,159030,curry leaf,Murraya koenigii
1077,90396,corn panic grass,Echinochloa colona
1078,308688,Qinghai yunshan,Picea crassifolia
1079,121770,Japanese barnyard millet,Echinochloa esculenta
1080,1115533,rock snot,Didymosphenia geminata
1081,39510,century plant,Agave americana
1082,3878,sickle medic,Medicago falcata
1083,74654,chinquapin rose,Rosa roxburghii
1084,314391,feather finger grass,Chloris virgata
1085,3654,wild melon,Citrullus lanatus
1086,40003,Virginia meadow beauty,Rhexia virginica
1087,78479,jin lian hua,Trollius chinensis
1088,192012,mile-a-minute,Mikania micrantha
1089,13451,European hazelnut,Corylus avellana
1090,286952,western buttercup,Ranunculus occidentalis
1091,27292,lager yeast,Saccharomyces pastorianus
1092,3821,pigeon pea,Cajanus cajan
1093,170927,cowslip,Primula veris
1094,122810,pride-of-India,Lagerstroemia speciosa
1095,35883,Japanese morning glory,Ipomoea nil
1096,185542,mate,Ilex paraguariensis
1097,3435,avocado,Persea americana
1098,55363,mamegaki,Diospyros lotus
1099,4222,safflower,Carthamus tinctorius
1100,35925,kaki persimmon,Diospyros kaki
1101,227308,you shi,Diospyros oleifera
1102,50225,dandelion,Taraxacum officinale
1103,28502,grain amaranth,Amaranthus hypochondriacus
1104,28980,redwood,Sequoia sempervirens
1105,326968,common jujube,Ziziphus jujuba
1106,237571,mandarinier,Citrus platymamma
1107,73282,cucumberleaf sunflower,Helianthus debilis
1108,49314,custard apple,Annona cherimola
1109,4679,onion,Allium cepa
1110,240450,Congo grass,Urochloa ruziziensis
1111,240448,bread grass,Urochloa brizantha
1112,41220,superb climbing lily,Gloriosa superba
1113,45005,meadow-saffron,Colchicum autumnale
1114,49390,robusta coffee,Coffea canephora
1115,28964,Madiera cranesbill,Geranium maderense
1116,54446,European fan palm,Chamaerops humilis
1117,292710,brittle-thatch,Leucothrinax morrisii
1118,4718,nipa palm,Nypa fruticans
1119,4722,saw palmetto,Serenoa repens
1120,4714,Burmese fishtail palm,Caryota mitis
1121,489059,kochang lily,Lilium distichum
1122,75706,weeping willow,Salix babylonica
1123,48032,caraway,Carum carvi
1124,105268,beautybush,Kolkwitzia amabilis
1125,4047,coriander,Coriandrum sativum
1126,88733,Armand pine,Pinus armandii
1127,158098,billion-dollar grass,Echinochloa frumentacea
1128,180010,woolly betony,Stachys byzantina
1129,323898,Colombian timber bamboo,Guadua angustifolia
1130,28979,umbrella-pine,Sciadopitys verticillata
1131,4540,proso millet,Panicum miliaceum
1132,90675,false flax,Camelina sativa
1133,261423,huang jing,Polygonatum sibiricum
1134,182084,jiaogulan,Gynostemma pentaphyllum
1135,40922,dill,Anethum graveolens
1136,2849586,fennel,Anethum foeniculum
1137,749589,pea foot rot fungus,Didymella pinodes
1138,55605,tang-kuei,Angelica acutiloba
1139,39329,lavender,Lavandula angustifolia
1140,3544,common iceplant,Mesembryanthemum crystallinum
1141,190760,lobadaviyia,Leucaena trichandra
1142,44685,tochiba-ninjin,Panax japonicus
1143,51240,English walnut,Juglans regia
1144,88731,southern Chinese pine,Pinus tabuliformis
1145,101992,hoary plantain,Plantago media
1146,197809,sea kemp,Plantago maritima
1147,3330,white spruce,Picea glauca
1148,52838,Balbis banana,Musa balbisiana
1149,161756,woad,Isatis tinctoria
1150,3707,Indian mustard,Brassica juncea
1151,746016,Canary Islands juniper,Juniperus cedrus
1152,100569,cluster fig,Ficus racemosa
1153,72664,saltwater cress,Eutrema salsugineum
1154,40145,matsutake,Tricholoma matsutake
1155,4112,black nightshade,Solanum nigrum
1156,4109,Commerson's wild potato,Solanum commersonii
1157,212708,masaki,Euonymus japonicus
1158,66636,creosote bush,Larrea tridentata
1159,3486,European hop,Humulus lupulus
1160,92921,milk thistle,Silybum marianum
1161,266091,ba ji,Gynochthodes officinalis
1162,4073,chili pepper,Capsicum frutescens
1163,231663,sweet autumn clematis,Clematis terniflora
1164,3311,maidenhair tree,Ginkgo biloba
1165,354529,Japanese-pepper,Zanthoxylum piperitum
1166,82490,spotted trillium,Trillium maculatum
1167,93608,Himalayan mayapple,Sinopodophyllum hexandrum
1168,3922,Japanese wisteria,Wisteria floribunda
1169,171969,saguaro,Carnegiea gigantea
1170,4528,long-staminate rice,Oryza longistaminata
1171,65489,African wild rice,Oryza barthii
1172,113636,European aspen,Populus tremula
1173,65409,Baikal skullcap,Scutellaria baicalensis
1174,39367,rosemary,Salvia rosmarinus
1175,62330,Tartarian buckwheat,Fagopyrum tataricum
1176,3908,spring vetch,Vicia sativa
1177,3864,lentil,Lens culinaris
1178,3862,Tangier pea,Lathyrus tingitanus
1179,3859,sweet pea,Lathyrus odoratus
1180,82479,whip-poor-will flower,Trillium cuneatum
1181,313104,marsh pea,Lathyrus palustris
1182,313097,silky beach pea,Lathyrus littoralis
1183,154493,sea-pea,Lathyrus japonicus
1184,97307,bird cherry,Prunus padus
1185,97306,miyama cherry,Prunus maximowiczii
1186,3759,Yoshino cherry,Prunus yedoensis
1187,51239,cultivated vanilla,Vanilla planifolia
1188,126903,Cape-gooseberry,Physalis peruviana
1189,4079,henbane,Hyoscyamus niger
1190,82286,narrowleaf bittercress,Cardamine impatiens
1191,4084,currant tomato,Solanum pimpinellifolium
1192,4082,Peruvian tomato,Solanum peruvianum
1193,106335,Rose-of-Sharon,Hibiscus syriacus
1194,108411,Panama-hat palm,Carludovica palmata
1195,102697,honey mesquite,Prosopis glandulosa
1196,58860,tamarind,Tamarindus indica
1197,77065,purple osier,Salix purpurea
1198,35938,black locust,Robinia pseudoacacia
1199,109171,potato-bean,Pachyrhizus erosus
1200,4120,sweet potato,Ipomoea batatas
1201,3870,white lupine,Lupinus albus
1202,3627,kiwifruit,Actinidia deliciosa
1203,44586,tienchi,Panax notoginseng
1204,55184,shi chang pu,Acorus gramineus
1205,85954,yellow cedar,Callitropsis nootkatensis
1206,3348,Eastern white pine,Pinus strobus
1207,4615,pineapple,Ananas comosus
1208,229049,Mongolian mulberry,Morus mongolica
1209,2822,Dulse,Palmaria palmata
1210,63479,common oleander,Nerium oleander
1211,185702,American potatobean,Apios americana
1212,192300,common bladderwort,Utricularia macrorhiza
1213,29656,great duckweed,Spirodela polyrhiza
1214,57655,Chinese soapberry,Sapindus mukorossi
1215,101708,wombat berry,Eustrephus latifolius
1216,60698,macadamia nut,Macadamia integrifolia
1217,4432,sacred lotus,Nelumbo nucifera
1218,159033,lime,Citrus aurantiifolia
1219,38729,Asian broom grass,Thysanolaena latifolia
1220,65975,California oat grass,Danthonia californica
1221,73824,hackmatack,Populus balsamifera
1222,75702,Euphrates poplar,Populus euphratica
1223,146655,umbrella bamboo,Fargesia spathacea
1224,338574,late barnyard grass,Echinochloa oryzicola
1225,4582,hedge bamboo,Bambusa multiplex
1226,75712,sandbar willow,Salix interior
1227,105594,banana water-lily,Nymphaea mexicana
1228,3726,radish,Raphanus sativus
1229,3284,cinnamon fern,Osmundastrum cinnamomeum
1230,4543,pearl millet,Cenchrus americanus
1231,4555,foxtail millet,Setaria italica
1232,3899,white clover,Trifolium repens
1233,361561,large trefoil,Trifolium aureum
1234,39584,red cedar,Juniperus virginiana
1235,44926,umbrella-tree,Magnolia tripetala
1236,487038,one-seed juniper,Juniperus monosperma
1237,329890,gan su tao,Prunus kansuensis
1238,102107,Japanese apricot,Prunus mume
1239,124943,Indian-lilac,Azadirachta indica
1240,103349,fox grape,Vitis rotundifolia
1241,159298,Antarctic hairgrass,Deschampsia antarctica
1242,39855,scarlet lychnis,Silene chalcedonica
1243,490730,mai ping cao,Silene conoidea
1244,39848,corn cockle,Agrostemma githago
1245,3403,purple magnolia,Magnolia liliiflora
1246,34274,Arabian cotton,Gossypium herbaceum
1247,226208,redroot sage,Salvia miltiorrhiza
1248,4233,Jerusalem artichoke,Helianthus tuberosus
1249,38596,bugle,Ajuga reptans
1250,63359,Formosan gum,Liquidambar formosana
1251,3873,yellow lupine,Lupinus luteus
1252,385388,tea-oil plant,Camellia oleifera
1253,29695,common reed,Phragmites australis
1254,228183,abaca,Musa textilis
1255,3848,wild soybean,Glycine soja
1256,13894,coconut palm,Cocos nucifera
1257,4568,small spelt,Triticum monococcum
1258,4550,rye,Secale cereale
1259,3329,Norway spruce,Picea abies
1260,44015,wooly glycine,Glycine tomentella
1261,2785,asakusa nori,Neopyropia tenera
1262,13748,humped bladderwort,Utricularia gibba
1263,88730,Chinese red pine,Pinus massoniana
1264,28977,China fir,Cunninghamia lanceolata
1265,4058,Madagascar periwinkle,Catharanthus roseus
1266,3914,adzuki bean,Vigna angularis
1267,2769,carragheen,Chondrus crispus
1268,36066,chanterelle,Cantharellus cibarius
1269,3406,southern magnolia,Magnolia grandiflora
1270,3512,northern red oak,Quercus rubra
1271,3262,Dutch rush,Equisetum hyemale
1272,4521,Italian ryegrass,Lolium multiflorum
1273,4608,meadow ryegrass,Festuca pratensis
1274,13750,large cranberry,Vaccinium macrocarpon
1275,4076,jimsonweed,Datura stramonium
1276,3917,cowpea,Vigna unguiculata
1277,2788,susabi-nori,Neopyropia yezoensis
1278,4529,red rice,Oryza rufipogon
1279,51953,African oil palm,Elaeis guineensis
1280,40149,Australian wild rice,Oryza meridionalis
1281,56065,poonga-oil-tree,Pongamia pinnata
1282,3988,castor bean,Ricinus communis
1283,3708,rape,Brassica napus
1284,39899,night-flowering catchfly,Silene noctiflora
1285,42043,bladder campion,Silene vulgaris
1286,29729,tree cotton,Gossypium arboreum
1287,29730,Peruvian cotton,Gossypium raimondii
1288,3767,sha li,Pyrus pyrifolia
1289,38727,switchgrass,Panicum virgatum
1290,4043,parsley,Petroselinum crispum
1291,38705,moso bamboo,Phyllostachys edulis
1292,40916,rock samphire,Crithmum maritimum
1293,4431,yellow lotus,Nelumbo lutea
1294,98722,stinking willie,Jacobaea vulgaris
1295,2854286,naugehyde liverwort,Ptilidium ciliare
1296,3981,rubber tree,Hevea brasiliensis
1297,3342,Krempf's pine,Pinus krempfii
1298,3339,lodgepole pine,Pinus contorta
1299,151562,singleleaf pinyon pine,Pinus monophylla
1300,3343,sugar pine,Pinus lambertiana
1301,40888,chervil,Anthriscus cerefolium
1302,4312,karaka,Corynocarpus laevigatus
1303,3760,peach,Prunus persica
1304,3258,field horsetail,Equisetum arvense
1305,3641,cacao,Theobroma cacao
1306,60419,Chinese chestnut,Castanea mollissima
1307,3322,deodar cedar,Cedrus deodara
1308,71139,rose gum,Eucalyptus grandis
1309,3860,chickling vetch,Lathyrus sativus
1310,42345,date palm,Phoenix dactylifera
1311,157791,mung bean,Vigna radiata
1312,4733,common cattail,Typha latifolia
1313,4146,common olive,Olea europaea
1314,4505,Job's tears,Coix lacryma-jobi
1315,257763,sweet bamboo,Dendrocalamus latiflorus
1316,3332,Sitka spruce,Picea sitchensis
1317,173280,muzei ma huang,Ephedra equisetina
1318,4606,tall fescue,Lolium arundinaceum
1319,3827,chickpea,Cicer arietinum
1320,15368,stiff brome,Brachypodium distachyon
1321,4230,Niger seed,Guizotia abyssinica
1322,3983,cassava,Manihot esculenta
1323,3649,papaya,Carica papaya
1324,263995,sweetflag,Acorus americanus
1325,4428,hornwort,Ceratophyllum demersum
1326,4522,perennial ryegrass,Lolium perenne
1327,4121,common morning-glory,Ipomoea purpurea
1328,3702,thale cress,Arabidopsis thaliana
1329,3880,barrel medic,Medicago truncatula
1330,145284,elephant's-foot,Dioscorea elephantipes
1331,13006,chulantree,Chloranthus spicatus
1332,3885,kidney bean,Phaseolus vulgaris
1333,226051,sweet alyssum,Lobularia maritima
1334,78191,hairy rockcress,Arabis hirsuta
1335,65948,watercress,Nasturtium officinale
1336,50458,early winter cress,Barbarea verna
1337,3719,shepherd's purse,Capsella bursa-pastoris
1338,37429,shining club moss,Huperzia lucidula
1339,4177,beechdrops,Epifagus virginiana
1340,3634,sea-island cotton,Gossypium barbadense
1341,63632,creeping bent grass,Agrostis stolonifera
1342,13443,coffee,Coffea arabica
1343,41776,heavenly bamboo,Nandina domestica
1344,4403,eastern sycamore,Platanus occidentalis
1345,2711,sweet orange,Citrus sinensis
1346,4039,carrot,Daucus carota
1347,43335,white poplar,Populus alba
1348,4113,potato,Solanum tuberosum
1349,4232,common sunflower,Helianthus annuus
1350,29760,wine grape,Vitis vinifera
1351,147425,ornamental nightshade,Solanum bulbocastanum
1352,3847,soybean,Glycine max
1353,3635,cotton,Gossypium hirsutum
1354,4236,garden lettuce,Lactuca sativa
1355,4096,wood tobacco,Nicotiana sylvestris
1356,3659,cucumber,Cucumis sativus
1357,3350,Japanese black pine,Pinus thunbergii
1358,4787,potato late blight agent,Phytophthora infestans
1359,13818,maidenhair fern,Adiantum capillus-veneris
1360,88728,channamu,Pinus koraiensis
1361,4565,bread wheat,Triticum aestivum
1362,85636,Hooker's evening primrose,Oenothera elata
1363,4097,common tobacco,Nicotiana tabacum
